Workbook

Sheet Break_Even_Point_Calc.
C2: Break Even Point "CNC Turning" vs "Centre Lathe"
B3: # | C3: Cost Item | D3: Centre Lathe | E3: Batches | F3: CNC Turning Centre | G3: CNC to Lathe Cost Ratio (%) | H3: Remarks
C4: Fixed Cost (per batch) | E4: 1
B5: 1 | C5: Setup labour | D5: 3.25 | F5: 6.5
B6: =B5+1 -> 2 | C6: Tooling | D6: 30 | F6: 150
B7: =B6+1 -> 3 | C7: Setup overhead | D7: 25 | F7: 250
B8: =B7+1 -> 4 | C8: Programming | D8: 0 | F8: 7.5
C10: CAPEX Total GBP (£) | D10: =SUM(D5:D8) -> 58.25 | F10: =SUM(F5:F8) -> 414 | G10: =(F10/D10)*100 -> 710.72961
C12: Cost Item | D12: Lathe | E12: Parts per Batch | F12: CNC | H12: Remarks
C13: Running cost (per part) | E13: 70
B14: =B13+1 -> 1 | C14: Labour | D14: 1.625 | F14: 0.167
B15: =B14+1 -> 2 | C15: Machine overhead | D15: 12.5 | F15: 8.34
C17: OPEX Total GBP (£) per part | D17: =SUM(D14:D15) -> 14.125 | F17: =SUM(F14:F15) -> 8.507 | G17: =(F17/D17)*100 -> 60.226549 | H17: Qty. = 1
C18: OPEX Total GBP (£) per batch | D18: =D17*$E$13 -> 988.75 | F18: =F17*$E$13 -> 595.49 | G18: =(F18/D18)*100 -> 60.226549 | H18: Qty. = 70
C19: Total Cost (CAPEX & OPEX) (£) per total batches | D19: =$E$4*(D10+D18) -> 1047 | E19: =(F10-D10)/(D17-F17) -> 63.323247 | F19: =$E$4*(F10+F18) -> 1009.49 | G19: =(F19/D19)*100 -> 96.417383
C21: Break Even Point (Parts Per Batch) | E21: =ROUNDUP($E$19,0) -> 64 | H21: When F19/D19 =1 , Break Even Point. When F19/D19 > 1, CNC cost is higher. When F19/D19 < 1, CNC cost is lower.

Sheet BP_Graph
E2: q=VLOOKUP("*" & A2 & "*", $C$2:$D$10, 2, FALSE) | F2: {=CELL("address", INDEX(I6:I327, MATCH("*Breakeven*", I6:I327, 0)))} -> $I$69 | I2: q=XLOOKUP("*" & A & "*", DataSheet!A:A, DataSheet!B:B, "Not Found", 2) | L2: "=IF(F6>1,F6-$E$5,0)" | M2: "=IF(F6>1, ($C$5)*(Breakeven_Point_Calc.!$F$10+(Breakeven_Point_Calc.!$F$17*F7)), "")" | N2: "=IF(F6>1, ($C$5)*(Breakeven_Point_Calc.!$D$10+(Breakeven_Point_Calc.!$D$17*F7)), "")" | O2: "=IF(I6<0, G7-H7, "")"
B3: Graph Generation Data Table
B4: Variables | C4: # of Batches | D4: Target # of Parts | E4: Graph Points Interval | F4: Parts/Batch | G4: Total CNC (£) | H4: Total lathe (£) | I4: Breakeven Point
B5: Enter the values | C5: 1 | D5: 70 | E5: 1 | F5: 0 | G5: 0 | H5: 0 | I5: 0
F6: =IF(F5=$D$5,"",F5+1) -> 1 | G6: =IF(F5<$D$5, ($C$5)*(Break_Even_Point_Calc.!$F$10+(Break_Even_Point_Calc.!$F$17*F6)), "") -> 422.507 | H6: =IF(F5<$D$5, ($C$5)*(Break_Even_Point_Calc.!$D$10+(Break_Even_Point_Calc.!$D$17*F6)), "") -> 72.375 | I6: =IF(AND(G6-H6<0,G5-H5>0), TEXT(G6-H6,"0.00") & " Breakeven Point", G6-H6) -> 350.132
F7: =IF(F6=$D$5,"",F6+1) -> 2 | G7: =IF(F6<$D$5, ($C$5)*(Break_Even_Point_Calc.!$F$10+(Break_Even_Point_Calc.!$F$17*F7)), "") -> 431.014 | H7: =IF(F6<$D$5, ($C$5)*(Break_Even_Point_Calc.!$D$10+(Break_Even_Point_Calc.!$D$17*F7)), "") -> 86.5 | I7: =IF(AND(G7-H7<0,G6-H6>0), TEXT(G7-H7,"0.00") & " Breakeven Point", G7-H7) -> 344.514
F8: =IF(F7=$D$5,"",F7+1) -> 3 | G8: =IF(F7<$D$5, ($C$5)*(Break_Even_Point_Calc.!$F$10+(Break_Even_Point_Calc.!$F$17*F8)), "") -> 439.521 | H8: =IF(F7<$D$5, ($C$5)*(Break_Even_Point_Calc.!$D$10+(Break_Even_Point_Calc.!$D$17*F8)), "") -> 100.625 | I8: =IF(AND(G8-H8<0,G7-H7>0), TEXT(G8-H8,"0.00") & " Breakeven Point", G8-H8) -> 338.896
F9: =IF(F8=$D$5,"",F8+1) -> 4 | G9: =IF(F8<$D$5, ($C$5)*(Break_Even_Point_Calc.!$F$10+(Break_Even_Point_Calc.!$F$17*F9)), "") -> 448.028 | H9: =IF(F8<$D$5, ($C$5)*(Break_Even_Point_Calc.!$D$10+(Break_Even_Point_Calc.!$D$17*F9)), "") -> 114.75 | I9: =IF(AND(G9-H9<0,G8-H8>0), TEXT(G9-H9,"0.00") & " Breakeven Point", G9-H9) -> 333.278
F10: =IF(F9=$D$5,"",F9+1) -> 5 | G10: =IF(F9<$D$5, ($C$5)*(Break_Even_Point_Calc.!$F$10+(Break_Even_Point_Calc.!$F$17*F10)), "") -> 456.535 | H10: =IF(F9<$D$5, ($C$5)*(Break_Even_Point_Calc.!$D$10+(Break_Even_Point_Calc.!$D$17*F10)), "") -> 128.875 | I10: =IF(AND(G10-H10<0,G9-H9>0), TEXT(G10-H10,"0.00") & " Breakeven Point", G10-H10) -> 327.66
F11: =IF(F10=$D$5,"",F10+1) -> 6 | G11: =IF(F10<$D$5, ($C$5)*(Break_Even_Point_Calc.!$F$10+(Break_Even_Point_Calc.!$F$17*F11)), "") -> 465.042 | H11: =IF(F10<$D$5, ($C$5)*(Break_Even_Point_Calc.!$D$10+(Break_Even_Point_Calc.!$D$17*F11)), "") -> 143 | I11: =IF(AND(G11-H11<0,G10-H10>0), TEXT(G11-H11,"0.00") & " Breakeven Point", G11-H11) -> 322.042
F12: =IF(F11=$D$5,"",F11+1) -> 7 | G12: =IF(F11<$D$5, ($C$5)*(Break_Even_Point_Calc.!$F$10+(Break_Even_Point_Calc.!$F$17*F12)), "") -> 473.549 | H12: =IF(F11<$D$5, ($C$5)*(Break_Even_Point_Calc.!$D$10+(Break_Even_Point_Calc.!$D$17*F12)), "") -> 157.125 | I12: =IF(AND(G12-H12<0,G11-H11>0), TEXT(G12-H12,"0.00") & " Breakeven Point", G12-H12) -> 316.424
F13: =IF(F12=$D$5,"",F12+1) -> 8 | G13: =IF(F12<$D$5, ($C$5)*(Break_Even_Point_Calc.!$F$10+(Break_Even_Point_Calc.!$F$17*F13)), "") -> 482.056 | H13: =IF(F12<$D$5, ($C$5)*(Break_Even_Point_Calc.!$D$10+(Break_Even_Point_Calc.!$D$17*F13)), "") -> 171.25 | I13: =IF(AND(G13-H13<0,G12-H12>0), TEXT(G13-H13,"0.00") & " Breakeven Point", G13-H13) -> 310.806
F14: =IF(F13=$D$5,"",F13+1) -> 9 | G14: =IF(F13<$D$5, ($C$5)*(Break_Even_Point_Calc.!$F$10+(Break_Even_Point_Calc.!$F$17*F14)), "") -> 490.563 | H14: =IF(F13<$D$5, ($C$5)*(Break_Even_Point_Calc.!$D$10+(Break_Even_Point_Calc.!$D$17*F14)), "") -> 185.375 | I14: =IF(AND(G14-H14<0,G13-H13>0), TEXT(G14-H14,"0.00") & " Breakeven Point", G14-H14) -> 305.188
F15: =IF(F14=$D$5,"",F14+1) -> 10 | G15: =IF(F14<$D$5, ($C$5)*(Break_Even_Point_Calc.!$F$10+(Break_Even_Point_Calc.!$F$17*F15)), "") -> 499.07 | H15: =IF(F14<$D$5, ($C$5)*(Break_Even_Point_Calc.!$D$10+(Break_Even_Point_Calc.!$D$17*F15)), "") -> 199.5 | I15: =IF(AND(G15-H15<0,G14-H14>0), TEXT(G15-H15,"0.00") & " Breakeven Point", G15-H15) -> 299.57
F16: =IF(F15=$D$5,"",F15+1) -> 11 | G16: =IF(F15<$D$5, ($C$5)*(Break_Even_Point_Calc.!$F$10+(Break_Even_Point_Calc.!$F$17*F16)), "") -> 507.577 | H16: =IF(F15<$D$5, ($C$5)*(Break_Even_Point_Calc.!$D$10+(Break_Even_Point_Calc.!$D$17*F16)), "") -> 213.625 | I16: =IF(AND(G16-H16<0,G15-H15>0), TEXT(G16-H16,"0.00") & " Breakeven Point", G16-H16) -> 293.952
F17: =IF(F16=$D$5,"",F16+1) -> 12 | G17: =IF(F16<$D$5, ($C$5)*(Break_Even_Point_Calc.!$F$10+(Break_Even_Point_Calc.!$F$17*F17)), "") -> 516.084 | H17: =IF(F16<$D$5, ($C$5)*(Break_Even_Point_Calc.!$D$10+(Break_Even_Point_Calc.!$D$17*F17)), "") -> 227.75 | I17: =IF(AND(G17-H17<0,G16-H16>0), TEXT(G17-H17,"0.00") & " Breakeven Point", G17-H17) -> 288.334
... F327: =IF(F326=$D$5,"",F326+1) -> #VALUE! | G327: =IF(F326<$D$5, ($C$5)*(Break_Even_Point_Calc.!$F$10+(Break_Even_Point_Calc.!$F$17*F327)), "") -> #VALUE! | H327: =IF(F326<$D$5, ($C$5)*(Break_Even_Point_Calc.!$D$10+(Break_Even_Point_Calc.!$D$17*F327)), "") -> #VALUE! | I327: =IF(AND(G327-H327<0,G326-H326>0), TEXT(G327-H327,"0.00") & " Breakeven Point", G327-H327) -> #VALUE!
